run_id,check_name,severity,bad_row_count,status,checked_at
6da4c8c0-5a7b-410d-9df5-5b4b3a4b28b0,dim_city_business_key_unique,CRITICAL,0,PASS,2026-10-09 04:14:06.815566
6da4c8c0-5a7b-410d-9df5-5b4b3a4b28b0,dim_customer_no_duplicate_versions,CRITICAL,0,PASS,2026-10-09 04:14:06.815566
6da4c8c0-5a7b-410d-9df5-5b4b3a4b28b0,dim_customer_no_overlapping_ranges,CRITICAL,0,PASS,2026-10-09 04:14:06.815566
6da4c8c0-5a7b-410d-9df5-5b4b3a4b28b0,dim_customer_one_current_row_per_customer,CRITICAL,0,PASS,2026-10-09 04:14:06.815566
6da4c8c0-5a7b-410d-9df5-5b4b3a4b28b0,dim_date_full_date_unique,CRITICAL,0,PASS,2026-10-09 04:14:06.815566
6da4c8c0-5a7b-410d-9df5-5b4b3a4b28b0,dim_employee_business_key_unique,CRITICAL,0,PASS,2026-10-09 04:14:06.815566
6da4c8c0-5a7b-410d-9df5-5b4b3a4b28b0,dim_stock_item_business_key_unique,CRITICAL,0,PASS,2026-10-09 04:14:06.815566
6da4c8c0-5a7b-410d-9df5-5b4b3a4b28b0,dw_surrogate_keys_not_null,CRITICAL,0,PASS,2026-10-09 04:14:06.815566
6da4c8c0-5a7b-410d-9df5-5b4b3a4b28b0,fact_order_no_unknown_keys,CRITICAL,0,PASS,2026-10-09 04:14:06.815566
6da4c8c0-5a7b-410d-9df5-5b4b3a4b28b0,fact_order_rowcount_matches_oltp,CRITICAL,0,PASS,2026-10-09 04:14:06.815566
6da4c8c0-5a7b-410d-9df5-5b4b3a4b28b0,fact_order_valid_measures,CRITICAL,0,PASS,2026-10-09 04:14:06.815566
6da4c8c0-5a7b-410d-9df5-5b4b3a4b28b0,fact_sale_dates_in_sequence,CRITICAL,0,PASS,2026-10-09 04:14:06.815566
6da4c8c0-5a7b-410d-9df5-5b4b3a4b28b0,fact_sale_delivery_date_known,WARNING,284,FAIL,2026-10-09 04:14:06.815566
6da4c8c0-5a7b-410d-9df5-5b4b3a4b28b0,fact_sale_no_unknown_keys,CRITICAL,0,PASS,2026-10-09 04:14:06.815566
6da4c8c0-5a7b-410d-9df5-5b4b3a4b28b0,fact_sale_order_to_invoice_over_365_days,WARNING,167,FAIL,2026-10-09 04:14:06.815566
6da4c8c0-5a7b-410d-9df5-5b4b3a4b28b0,fact_sale_rowcount_matches_oltp,CRITICAL,0,PASS,2026-10-09 04:14:06.815566
6da4c8c0-5a7b-410d-9df5-5b4b3a4b28b0,fact_sale_valid_measures,CRITICAL,0,PASS,2026-10-09 04:14:06.815566
6da4c8c0-5a7b-410d-9df5-5b4b3a4b28b0,oltp_customers_bill_to_valid,CRITICAL,0,PASS,2026-10-09 04:14:06.815566
6da4c8c0-5a7b-410d-9df5-5b4b3a4b28b0,oltp_orders_backorder_valid,CRITICAL,0,PASS,2026-10-09 04:14:06.815566
